<?xml version="1.0" encoding="UTF-8"?>
<project-private xmlns="http://www.netbeans.org/ns/project-private/1">
    <editor-bookmarks xmlns="http://www.netbeans.org/ns/editor-bookmarks/2" lastBookmarkId="0"/>
    <open-files xmlns="http://www.netbeans.org/ns/projectui-open-files/2">
        <group>
            <file>file:/D:/MS%20CS/SEM%20II/SWE645/Assignments/SWE645%20Workspace/SWE645_CSD_EJB_JPS_JSF/SWE645_CSD_EJB_JPS_JSF-ejb/src/java/edu/gmu/session/StudentSurveySessionBean.java</file>
            <file>file:/D:/MS%20CS/SEM%20II/SWE645/Assignments/SWE645%20Workspace/SWE645_CSD_EJB_JPS_JSF/SWE645_CSD_EJB_JPS_JSF-ejb/src/java/edu/gmu/entity/Emergencycontactinfo.java</file>
            <file>file:/D:/MS%20CS/SEM%20II/SWE645/Assignments/SWE645%20Workspace/SWE645_CSD_EJB_JPS_JSF/SWE645_CSD_EJB_JPS_JSF-ejb/src/java/edu/gmu/entity/Studsurveyinfo.java</file>
        </group>
    </open-files>
</project-private>
